dataset,R_mean,R_std,G_mean,G_std,B_mean,B_std
bracol,0.6534391045570374,0.07907150685787201,0.6519085764884949,0.07319343835115433,0.5438007712364197,0.06660682708024979
jmuben,0.5596789717674255,0.1513044238090515,0.5784776210784912,0.1326715648174286,0.42614075541496277,0.16931965947151184
jmuben2,0.4152446687221527,0.13836431503295898,0.6298549175262451,0.1430860459804535,0.39586150646209717,0.14945492148399353
